3044	PD51632aa_lo0001
3044	PD51632aa_lo0002
3044	PD51632aa_lo0003
3044	PD51632aa_lo0004
3044	PD51632aa_lo0005
3044	PD51632aa_lo0006
3044	PD51632aa_lo0007
3044	PD51632aa_lo0008
3044	PD51632aa_lo0010
3044	PD51632aa_lo0011
3044	PD51632aa_lo0012
3044	PD51632aa_lo0013
3044	PD51632aa_lo0014
3044	PD51632aa_lo0015
3044	PD51632aa_lo0016
3044	PD51632aa_lo0017
3044	PD51632aa_lo0018
3044	PD51632aa_lo0020
3044	PD51632aa_lo0021
3044	PD51632aa_lo0022
3044	PD51632aa_lo0023
3044	PD51632aa_lo0025
3044	PD51632aa_lo0026
3044	PD51632aa_lo0027
3044	PD51632aa_lo0028
3044	PD51632ab
3044	PD51632ac
3044	PD51632ad
3044	PD51632ae
3044	PD51632af
3044	PD51632ag
3044	PD51632ah
3044	PD51632ai
3044	PD51632aj
3044	PD51632ak
3044	PD51632al
3044	PD51632am
3044	PD51632an
3044	PD51632ao
3044	PD51632ap
3044	PD51632aq
3044	PD51632ar
3044	PD51632as
3044	PD51632au
3044	PD51632av
3044	PD51632aw
3044	PD51632ax
3044	PD51632ay
3044	PD51632az
3044	PD51632b
3044	PD51632bb
3044	PD51632bc
3044	PD51632bd
3044	PD51632be
3044	PD51632bf
3044	PD51632bg
3044	PD51632bh
3044	PD51632bi
3044	PD51632bj
3044	PD51632bk
3044	PD51632bl
3044	PD51632bm
3044	PD51632bn
3044	PD51632bo
3044	PD51632bp
3044	PD51632bq
3044	PD51632br
3044	PD51632bs
3044	PD51632bt
3044	PD51632bu
3044	PD51632bv
3044	PD51632bw
3044	PD51632bx
3044	PD51632by
3044	PD51632bz
3044	PD51632c
3044	PD51632cb
3044	PD51632cc
3044	PD51632cd
3044	PD51632ce
3044	PD51632d
3044	PD51632e
3044	PD51632f
3044	PD51632g
3044	PD51632h
3044	PD51632i
3044	PD51632j
3044	PD51632k
3044	PD51632l
3044	PD51632m
3044	PD51632n
3044	PD51632o
3044	PD51632p
3044	PD51632q
3044	PD51632r
3044	PD51632s
3044	PD51632t
3044	PD51632u
3044	PD51632v
3044	PD51632w
3044	PD51632x
3044	PD51632y
3044	PD51632z
3044	PD51633a_lo0001
3044	PD51633a_lo0002
3044	PD51633a_lo0003
3044	PD51633a_lo0004
3044	PD51633a_lo0005
3044	PD51633a_lo0006
3044	PD51633a_lo0007
3044	PD51633a_lo0008
3044	PD51633a_lo0009
3044	PD51633a_lo0010
3044	PD51633a_lo0011
3044	PD51633a_lo0012
3044	PD51633a_lo0019
3044	PD51633a_lo0026
3044	PD51633a_lo0031
3044	PD51633a_lo0033
3044	PD51633a_lo0052
3044	PD51633a_lo0088
3044	PD51633a_lo0099
3044	PD51633a_lo0100
3044	PD51633a_lo0102
3044	PD51633a_lo0114
3044	PD51633a_lo0115
3044	PD51633a_lo0116
3044	PD51633a_lo0117
3044	PD51633a_lo0119
3044	PD51633a_lo0120
3044	PD51633a_lo0122
3044	PD51633a_lo0127
3044	PD51633a_lo0128
3044	PD51633a_lo0136
3044	PD51633a_lo0139
3044	PD51633a_lo0143
3044	PD51633a_lo0144
3044	PD51633ab
3044	PD51633ac
3044	PD51633ad
3044	PD51633ae
3044	PD51633af
3044	PD51633ag
3044	PD51633ah
3044	PD51633ai
3044	PD51633aj
3044	PD51633ak
3044	PD51633al
3044	PD51633am
3044	PD51633an
3044	PD51633ao
3044	PD51633ap
3044	PD51633aq
3044	PD51633ar
3044	PD51633as
3044	PD51633at
3044	PD51633au
3044	PD51633av
3044	PD51633aw
3044	PD51633ax
3044	PD51633ay
3044	PD51633az
3044	PD51633b
3044	PD51633bb
3044	PD51633bc
3044	PD51633bd
3044	PD51633be
3044	PD51633bf
3044	PD51633bg
3044	PD51633bh
3044	PD51633bi
3044	PD51633bj
3044	PD51633bk
3044	PD51633bl
3044	PD51633bm
3044	PD51633bn
3044	PD51633bo
3044	PD51633c
3044	PD51633d
3044	PD51633e
3044	PD51633f
3044	PD51633g
3044	PD51633h
3044	PD51633i
3044	PD51633j
3044	PD51633k
3044	PD51633l
3044	PD51633m
3044	PD51633n
3044	PD51633o
3044	PD51633p
3044	PD51633q
3044	PD51633r
3044	PD51633s
3044	PD51633t
3044	PD51633u
3044	PD51633v
3044	PD51633w
3044	PD51633x
3044	PD51633y
3044	PD51633z
3044	PD51634ai
3044	PD51634aq
3044	PD51634aw
3044	PD51634b
3044	PD51634bf
3044	PD51634bx
3044	PD51634cg_lo0001
3044	PD51634cg_lo0002
3044	PD51634cg_lo0003
3044	PD51634cg_lo0004
3044	PD51634cg_lo0005
3044	PD51634cg_lo0006
3044	PD51634cg_lo0007
3044	PD51634cg_lo0008
3044	PD51634cg_lo0009
3044	PD51634cg_lo0010
3044	PD51634cg_lo0011
3044	PD51634cg_lo0012
3044	PD51634cg_lo0013
3044	PD51634cg_lo0014
3044	PD51634cg_lo0015
3044	PD51634cg_lo0016
3044	PD51634cg_lo0017
3044	PD51634cg_lo0018
3044	PD51634cg_lo0019
3044	PD51634cg_lo0020
3044	PD51634cg_lo0021
3044	PD51634cg_lo0022
3044	PD51634cg_lo0023
3044	PD51634cg_lo0024
3044	PD51634cg_lo0025
3044	PD51634cg_lo0026
3044	PD51634cg_lo0027
3044	PD51634cg_lo0028
3044	PD51634cg_lo0029
3044	PD51634cg_lo0030
3044	PD51634cg_lo0031
3044	PD51634cg_lo0032
3044	PD51634cg_lo0033
3044	PD51634cg_lo0034
3044	PD51634cg_lo0036
3044	PD51634cg_lo0037
3044	PD51634cg_lo0038
3044	PD51634cg_lo0039
3044	PD51634cg_lo0040
3044	PD51634cg_lo0041
3044	PD51634cg_lo0042
3044	PD51634cg_lo0043
3044	PD51634cg_lo0044
3044	PD51634cg_lo0045
3044	PD51634cg_lo0046
3044	PD51634cg_lo0047
3044	PD51634cg_lo0048
3044	PD51634cg_lo0049
3044	PD51634cg_lo0050
3044	PD51634cg_lo0051
3044	PD51634cg_lo0052
3044	PD51634cg_lo0053
3044	PD51634cg_lo0054
3044	PD51634cg_lo0055
3044	PD51634cg_lo0056
3044	PD51634cg_lo0057
3044	PD51634cg_lo0058
3044	PD51634cg_lo0059
3044	PD51634cg_lo0060
3044	PD51634cg_lo0061
3044	PD51634cg_lo0062
3044	PD51634cg_lo0063
3044	PD51634cg_lo0064
3044	PD51634cg_lo0065
3044	PD51634cg_lo0066
3044	PD51634cg_lo0067
3044	PD51634cg_lo0068
3044	PD51634cg_lo0069
3044	PD51634cg_lo0070
3044	PD51634cg_lo0071
3044	PD51634cg_lo0072
3044	PD51634ch_lo0001
3044	PD51634ch_lo0002
3044	PD51634ch_lo0003
3044	PD51634ch_lo0004
3044	PD51634ch_lo0005
3044	PD51634ch_lo0006
3044	PD51634ch_lo0007
3044	PD51634ch_lo0008
3044	PD51634ch_lo0009
3044	PD51634ch_lo0010
3044	PD51634ch_lo0011
3044	PD51634ch_lo0012
3044	PD51634ch_lo0013
3044	PD51634ch_lo0014
3044	PD51634ch_lo0015
3044	PD51634ch_lo0016
3044	PD51634ch_lo0017
3044	PD51634ch_lo0018
3044	PD51634ch_lo0019
3044	PD51634ch_lo0020
3044	PD51634ch_lo0021
3044	PD51634ch_lo0022
3044	PD51634ch_lo0023
3044	PD51634ch_lo0024
3044	PD51634ch_lo0025
3044	PD51634ch_lo0026
3044	PD51634ch_lo0027
3044	PD51634ch_lo0028
3044	PD51634ch_lo0029
3044	PD51634ch_lo0030
3044	PD51634ch_lo0031
3044	PD51634ch_lo0032
3044	PD51634ch_lo0033
3044	PD51634ch_lo0034
3044	PD51634ch_lo0035
3044	PD51634ch_lo0036
3044	PD51634e
3044	PD51634f
3044	PD51634i
3044	PD51634k
3044	PD51634l
3044	PD51634n
3044	PD51634r
3044	PD51634s
3044	PD51634t
3044	PD51634z
3044	PD51635aa_lo0001
3044	PD51635aa_lo0002
3044	PD51635aa_lo0003
3044	PD51635aa_lo0004
3044	PD51635aa_lo0005
3044	PD51635aa_lo0006
3044	PD51635aa_lo0007
3044	PD51635aa_lo0008
3044	PD51635aa_lo0009
3044	PD51635aa_lo0010
3044	PD51635aa_lo0011
3044	PD51635aa_lo0012
3044	PD51635aa_lo0013
3044	PD51635aa_lo0014
3044	PD51635aa_lo0015
3044	PD51635aa_lo0016
3044	PD51635aa_lo0017
3044	PD51635aa_lo0018
3044	PD51635aa_lo0019
3044	PD51635aa_lo0020
3044	PD51635aa_lo0021
3044	PD51635aa_lo0022
3044	PD51635aa_lo0023
3044	PD51635aa_lo0024
3044	PD51635aa_lo0025
3044	PD51635aa_lo0026
3044	PD51635aa_lo0027
3044	PD51635aa_lo0028
3044	PD51635aa_lo0029
3044	PD51635aa_lo0030
3044	PD51635aa_lo0031
3044	PD51635aa_lo0032
3044	PD51635aa_lo0033
3044	PD51635aa_lo0034
3044	PD51635aa_lo0035
3044	PD51635aa_lo0036
3044	PD51635aa_lo0037
3044	PD51635aa_lo0038
3044	PD51635aa_lo0039
3044	PD51635aa_lo0040
3044	PD51635aa_lo0041
3044	PD51635aa_lo0042
3044	PD51635aa_lo0043
3044	PD51635aa_lo0044
3044	PD51635aa_lo0045
3044	PD51635aa_lo0046
3044	PD51635aa_lo0047
3044	PD51635aa_lo0048
3044	PD51635aa_lo0049
3044	PD51635aa_lo0050
3044	PD51635aa_lo0051
3044	PD51635aa_lo0052
3044	PD51635aa_lo0053
3044	PD51635aa_lo0054
3044	PD51635aa_lo0055
3044	PD51635aa_lo0056
3044	PD51635aa_lo0057
3044	PD51635aa_lo0058
3044	PD51635aa_lo0059
3044	PD51635aa_lo0060
3044	PD51635aa_lo0061
3044	PD51635aa_lo0062
3044	PD51635aa_lo0063
3044	PD51635aa_lo0064
3044	PD51635aa_lo0065
3044	PD51635aa_lo0066
3044	PD51635aa_lo0067
3044	PD51635aa_lo0068
3044	PD51635aa_lo0069
3044	PD51635aa_lo0070
3044	PD51635aa_lo0071
3044	PD51635aa_lo0072
3044	PD51635aa_lo0073
3044	PD51635aa_lo0074
3044	PD51635aa_lo0075
3044	PD51635aa_lo0076
3044	PD51635aa_lo0077
3044	PD51635aa_lo0078
3044	PD51635aa_lo0079
3044	PD51635aa_lo0080
3044	PD51635aa_lo0081
3044	PD51635aa_lo0082
3044	PD51635aa_lo0083
3044	PD51635aa_lo0084
3044	PD51635aa_lo0085
3044	PD51635aa_lo0086
3044	PD51635aa_lo0087
3044	PD51635aa_lo0088
3044	PD51635aa_lo0089
3044	PD51635aa_lo0090
3044	PD51635aa_lo0091
3044	PD51635aa_lo0092
3044	PD51635aa_lo0093
3044	PD51635aa_lo0094
3044	PD51635aa_lo0095
3044	PD51635aa_lo0096
3044	PD51635ab
3044	PD51635ac
3044	PD51635ad
3044	PD51635ae
3044	PD51635af
3044	PD51635ag
3044	PD51635ah
3044	PD51635b
3044	PD51635c
3044	PD51635d
3044	PD51635e
3044	PD51635f
3044	PD51635g
3044	PD51635h
3044	PD51635i
3044	PD51635j
3044	PD51635k
3044	PD51635l
3044	PD51635m
3044	PD51635n
3044	PD51635o
3044	PD51635p
3044	PD51635q
3044	PD51635r
3044	PD51635s
3044	PD51635t
3044	PD51635u
3044	PD51635v
3044	PD51635w
3044	PD51635x
3044	PD51635y
3044	PD51635z
3044	PD56961a_lo0001
3044	PD56961a_lo0002
3044	PD56961a_lo0003
3044	PD56961a_lo0004
3044	PD56961a_lo0005
3044	PD56961a_lo0006
3044	PD56961a_lo0007
3044	PD56961a_lo0008
3044	PD56961a_lo0009
3044	PD56961a_lo0010
3044	PD56961a_lo0011
3044	PD56961a_lo0012
3044	PD56961a_lo0013
3044	PD56961a_lo0014
3044	PD56961a_lo0015
3044	PD56961a_lo0016
3044	PD56961a_lo0017
3044	PD56961a_lo0018
3044	PD56961a_lo0019
3044	PD56961a_lo0020
3044	PD56961a_lo0021
3044	PD56961a_lo0022
3044	PD56961a_lo0023
3044	PD56961a_lo0024
3044	PD56961a_lo0025
3044	PD56961a_lo0026
3044	PD56961a_lo0027
3044	PD56961a_lo0028
3044	PD56961a_lo0029
3044	PD56961a_lo0030
3044	PD56961a_lo0031
3044	PD56961a_lo0032
3044	PD56961b_lo0020
3045	PD51634ch_lo0037
3045	PD51634ch_lo0038
3045	PD51634ch_lo0039
3045	PD51634ch_lo0040
3045	PD51634ch_lo0041
3045	PD51634ch_lo0042
3045	PD51634ch_lo0043
3045	PD51634ch_lo0044
3045	PD51634ch_lo0045
3045	PD51634ch_lo0046
3045	PD51634ch_lo0047
3045	PD51634ch_lo0048
3045	PD51634ch_lo0049
3045	PD51634ch_lo0050
3045	PD51634ch_lo0051
3045	PD51634ch_lo0052
3045	PD51634ch_lo0053
3045	PD51634ch_lo0054
3045	PD56961a_lo0033
3045	PD56961a_lo0034
3045	PD56961a_lo0035
3045	PD56961a_lo0036
3045	PD56961a_lo0037
3045	PD56961a_lo0038
3045	PD56961a_lo0039
3045	PD56961a_lo0040
3045	PD56961a_lo0041
3045	PD56961a_lo0042
3045	PD56961a_lo0043
3045	PD56961a_lo0044
3045	PD56961a_lo0045
3045	PD56961a_lo0046
3045	PD56961a_lo0047
3045	PD56961a_lo0048
3045	PD56961a_lo0049
3045	PD56961a_lo0050
3045	PD56961a_lo0051
3045	PD56961a_lo0052
3045	PD56961a_lo0053
3045	PD56961a_lo0054
3045	PD56961a_lo0055
3045	PD56961a_lo0056
3045	PD56961a_lo0057
3045	PD56961a_lo0058
3045	PD56961a_lo0059
3045	PD56961a_lo0060
3045	PD56961a_lo0061
3045	PD56961a_lo0062
3045	PD56961a_lo0063
3045	PD56961a_lo0064
3045	PD56961a_lo0065
3045	PD56961a_lo0066
3045	PD56961a_lo0067
3045	PD56961a_lo0068
3045	PD56961a_lo0069
3045	PD56961a_lo0070
3045	PD56961a_lo0071
3045	PD56961a_lo0072
3045	PD56961a_lo0073
3045	PD56961a_lo0074
3045	PD56961a_lo0075
3045	PD56961a_lo0076
3045	PD56961a_lo0077
3045	PD56961a_lo0078
3045	PD56961a_lo0079
3045	PD56961a_lo0080
3045	PD56961a_lo0081
3045	PD56961a_lo0082
3045	PD56961a_lo0083
3045	PD56961a_lo0084
3045	PD56961a_lo0085
3045	PD56961a_lo0086
3045	PD56961a_lo0087
3045	PD56961a_lo0088
3045	PD56961a_lo0089
3045	PD56961a_lo0090
3045	PD56961a_lo0091
3045	PD56961a_lo0092
3045	PD56961a_lo0093
3045	PD56961a_lo0094
3045	PD56961a_lo0095
3045	PD56961a_lo0096
3045	PD56961b_lo0001
3045	PD56961b_lo0002
3045	PD56961b_lo0003
3045	PD56961b_lo0004
3045	PD56961b_lo0005
3045	PD56961b_lo0006
3045	PD56961b_lo0007
3045	PD56961b_lo0008
3045	PD56961b_lo0009
3045	PD56961b_lo0010
3045	PD56961b_lo0011
3045	PD56961b_lo0012
3045	PD56961b_lo0013
3045	PD56961b_lo0014
3045	PD56961b_lo0015
3045	PD56961b_lo0016
3045	PD56961b_lo0017
3045	PD56961b_lo0018
3045	PD56961b_lo0019
3045	PD56961b_lo0021
3045	PD56961b_lo0022
3045	PD56961b_lo0023
3045	PD56961b_lo0024
3045	PD56961b_lo0025
3045	PD56961b_lo0026
3045	PD56961b_lo0027
3045	PD56961b_lo0028
3045	PD56961b_lo0029
3045	PD56961b_lo0030
3045	PD56961b_lo0031
3045	PD56961b_lo0032
3045	PD56961b_lo0033
3045	PD56961b_lo0034
3045	PD56961b_lo0035
3045	PD56961b_lo0036
3045	PD56961b_lo0037
3045	PD56961b_lo0038
3045	PD56961b_lo0039
3045	PD56961b_lo0040
3045	PD56961b_lo0041
3045	PD56961b_lo0042
3045	PD56961b_lo0043
3045	PD56961b_lo0044
3045	PD56961b_lo0045
3045	PD56961b_lo0046
3045	PD56961b_lo0047
3045	PD56961b_lo0048
3045	PD56961b_lo0049
3045	PD56961b_lo0050
3045	PD56961b_lo0051
3045	PD56961b_lo0052
3045	PD56961b_lo0053
3045	PD56961b_lo0054
3045	PD56961b_lo0055
3045	PD56961b_lo0056
3045	PD56961b_lo0057
3045	PD56961b_lo0058
3045	PD56961b_lo0059
3045	PD56961b_lo0060
3045	PD56961b_lo0061
3045	PD56961b_lo0062
3045	PD56961b_lo0063
3045	PD56961b_lo0064
3045	PD56961b_lo0065
3045	PD56961b_lo0066
3045	PD56961b_lo0067
3045	PD56961b_lo0068
3045	PD56961b_lo0069
3045	PD56961b_lo0070
3045	PD56961b_lo0071
3045	PD56961b_lo0072
3045	PD56961b_lo0073
3045	PD56961b_lo0074
3045	PD56961b_lo0075
3045	PD56961b_lo0076
3045	PD56961b_lo0077
3045	PD56961b_lo0078
3045	PD56961b_lo0079
3045	PD56961b_lo0080
3045	PD56961b_lo0081
3045	PD56961b_lo0082
3045	PD56961b_lo0083
3045	PD56961b_lo0084
3045	PD56961b_lo0085
3045	PD56961b_lo0086
3045	PD56961b_lo0087
3045	PD56961b_lo0088
3045	PD56961b_lo0089
3045	PD56961b_lo0090
3045	PD56961b_lo0091
3045	PD56961b_lo0092
3045	PD56961b_lo0093
3045	PD56961b_lo0094
3045	PD56961b_lo0095
3045	PD56961b_lo0096
3045	PD57332a
3045	PD57332c_lo0001
3045	PD57332c_lo0002
3045	PD57332c_lo0003
3045	PD57332c_lo0004
3045	PD57332c_lo0005
3045	PD57332c_lo0006
3045	PD57332c_lo0007
3045	PD57332c_lo0008
3045	PD57332c_lo0009
3045	PD57332c_lo0010
3045	PD57332c_lo0011
3045	PD57332c_lo0012
3045	PD57332c_lo0013
3045	PD57332c_lo0014
3045	PD57332c_lo0015
3045	PD57332c_lo0016
3045	PD57332c_lo0017
3045	PD57332c_lo0018
3045	PD57332c_lo0019
3045	PD57332c_lo0020
3045	PD57332c_lo0021
3045	PD57332c_lo0022
3045	PD57332c_lo0023
3045	PD57332c_lo0024
3045	PD57332c_lo0025
3045	PD57332c_lo0026
3045	PD57332c_lo0027
3045	PD57332c_lo0028
3045	PD57332c_lo0029
3045	PD57332c_lo0030
3045	PD57332c_lo0031
3045	PD57332c_lo0032
3045	PD57332c_lo0033
3045	PD57332c_lo0034
3045	PD57332c_lo0035
3045	PD57332c_lo0036
3045	PD57332c_lo0037
3045	PD57332c_lo0038
3045	PD57332c_lo0039
3045	PD57332c_lo0040
3045	PD57333a_lo0001
3045	PD57333a_lo0002
3045	PD57333a_lo0003
3045	PD57333a_lo0004
3045	PD57333a_lo0005
3045	PD57333a_lo0006
3045	PD57333a_lo0007
3045	PD57333a_lo0008
3045	PD57333a_lo0009
3045	PD57333a_lo0010
3045	PD57333a_lo0011
3045	PD57333a_lo0012
3045	PD57333a_lo0013
3045	PD57333a_lo0014
3045	PD57333a_lo0015
3045	PD57333a_lo0016
3045	PD57333a_lo0017
3045	PD57333a_lo0018
3045	PD57333a_lo0019
3045	PD57333a_lo0020
3045	PD57333a_lo0021
3045	PD57333a_lo0022
3045	PD57333a_lo0023
3045	PD57333a_lo0024
3045	PD57333a_lo0025
3045	PD57333a_lo0026
3045	PD57333a_lo0027
3045	PD57333a_lo0028
3045	PD57333a_lo0029
3045	PD57333a_lo0030
3045	PD57333a_lo0031
3045	PD57333a_lo0032
3045	PD57333a_lo0033
3045	PD57333a_lo0034
3045	PD57333a_lo0035
3045	PD57333a_lo0036
3045	PD57333a_lo0037
3045	PD57333a_lo0038
3045	PD57333a_lo0039
3045	PD57333a_lo0040
3045	PD57333a_lo0041
3045	PD57333a_lo0042
3045	PD57333a_lo0043
3045	PD57333a_lo0044
3045	PD57333a_lo0045
3045	PD57333a_lo0046
3045	PD57333a_lo0047
3045	PD57333a_lo0048
3045	PD57333a_lo0049
3045	PD57333a_lo0050
3045	PD57333a_lo0051
3045	PD57333a_lo0052
3045	PD57333a_lo0053
3045	PD57333a_lo0054
3045	PD57333a_lo0055
3045	PD57333a_lo0056
3045	PD57333a_lo0057
3045	PD57333a_lo0058
3045	PD57333a_lo0059
3045	PD57333a_lo0060
3045	PD57333a_lo0061
3045	PD57333a_lo0062
3045	PD57333a_lo0063
3045	PD57333a_lo0064
3045	PD57333a_lo0065
3045	PD57333a_lo0066
3045	PD57333a_lo0067
3045	PD57333a_lo0068
3045	PD57333a_lo0069
3045	PD57333a_lo0070
3045	PD57333a_lo0071
3045	PD57333a_lo0072
3045	PD57333a_lo0073
3045	PD57333a_lo0074
3045	PD57333a_lo0075
3045	PD57333a_lo0076
3045	PD57333a_lo0080
3045	PD57333b
3045	PD57333c
3045	PD57334a_lo0001
3045	PD57334a_lo0002
3045	PD57334a_lo0003
3045	PD57334a_lo0004
3045	PD57334a_lo0005
3045	PD57334a_lo0006
3045	PD57334a_lo0007
3045	PD57334a_lo0008
3045	PD57334a_lo0009
3045	PD57334a_lo0010
3045	PD57334a_lo0011
3045	PD57334a_lo0012
3045	PD57334a_lo0013
3045	PD57334a_lo0014
3045	PD57334a_lo0015
3045	PD57334a_lo0016
3045	PD57334a_lo0017
3045	PD57334a_lo0018
3045	PD57334a_lo0019
3045	PD57334a_lo0020
3045	PD57334a_lo0021
3045	PD57334a_lo0022
3045	PD57334a_lo0023
3045	PD57334a_lo0024
3045	PD57334a_lo0025
3045	PD57334a_lo0026
3045	PD57334a_lo0027
3045	PD57334a_lo0028
3045	PD57334a_lo0029
3045	PD57334a_lo0030
3045	PD57334a_lo0031
3045	PD57334a_lo0032
3045	PD57334a_lo0033
3045	PD57334a_lo0034
3045	PD57334a_lo0035
3045	PD57334a_lo0036
3045	PD57334a_lo0037
3045	PD57334a_lo0038
3045	PD57334a_lo0039
3045	PD57334a_lo0040
3045	PD57334a_lo0041
3045	PD57334a_lo0042
3045	PD57334a_lo0043
3045	PD57334a_lo0044
3045	PD57334a_lo0045
3045	PD57334a_lo0046
3045	PD57334a_lo0047
3045	PD57334a_lo0048
3045	PD57334a_lo0049
3045	PD57334a_lo0050
3045	PD57334a_lo0051
3045	PD57334a_lo0052
3045	PD57334a_lo0053
3045	PD57334a_lo0054
3045	PD57334a_lo0055
3045	PD57334a_lo0056
3045	PD57334a_lo0057
3045	PD57334a_lo0058
3045	PD57334a_lo0059
3045	PD57334a_lo0060
3045	PD57334a_lo0061
3045	PD57334a_lo0062
3045	PD57334a_lo0063
3045	PD57334a_lo0064
3045	PD57334a_lo0065
3045	PD57334a_lo0066
3045	PD57334a_lo0067
3045	PD57334a_lo0068
3045	PD57334a_lo0069
3045	PD57334a_lo0070
3045	PD57334a_lo0071
3045	PD57334a_lo0072
3045	PD57334a_lo0073
3045	PD57334a_lo0074
3045	PD57334a_lo0075
3045	PD57334a_lo0076
3045	PD57334a_lo0077
3045	PD57334a_lo0078
3045	PD57334a_lo0079
3045	PD57334a_lo0080
3045	PD57334a_lo0081
3045	PD57334a_lo0082
3045	PD57334a_lo0083
3045	PD57334a_lo0084
3045	PD57334a_lo0085
3045	PD57334a_lo0086
3045	PD57334a_lo0087
3045	PD57334a_lo0088
3045	PD57334a_lo0089
3045	PD57334a_lo0090
3045	PD57334a_lo0091
3045	PD57334a_lo0092
3045	PD57334a_lo0093
3045	PD57334a_lo0094
3045	PD57334a_lo0095
3045	PD57334a_lo0096
3045	PD57334b
3045	PD57334c
3045	PD57335a_lo0001
3045	PD57335a_lo0002
3045	PD57335a_lo0003
3045	PD57335a_lo0004
3045	PD57335a_lo0005
3045	PD57335a_lo0006
3045	PD57335a_lo0007
3045	PD57335a_lo0008
3045	PD57335a_lo0009
3045	PD57335a_lo0010
3045	PD57335a_lo0011
3045	PD57335a_lo0012
3045	PD57335a_lo0013
3045	PD57335a_lo0014
3045	PD57335a_lo0015
3045	PD57335a_lo0016
3045	PD57335a_lo0017
3045	PD57335a_lo0018
3045	PD57335a_lo0019
3045	PD57335a_lo0020
3045	PD57335a_lo0021
3045	PD57335a_lo0022
3045	PD57335a_lo0023
3045	PD57335a_lo0024
3045	PD57335a_lo0025
3045	PD57335a_lo0026
3045	PD57335a_lo0027
3045	PD57335a_lo0028
3045	PD57335a_lo0029
3045	PD57335a_lo0030
3045	PD57335a_lo0031
3045	PD57335a_lo0032
3045	PD57335a_lo0033
3045	PD57335a_lo0034
3045	PD57335a_lo0035
3045	PD57335a_lo0036
3045	PD57335a_lo0037
3045	PD57335a_lo0038
3045	PD57335a_lo0039
3045	PD57335a_lo0040
3045	PD57335a_lo0041
3045	PD57335a_lo0042
3045	PD57335a_lo0043
3045	PD57335a_lo0044
3045	PD57335a_lo0045
3045	PD57335a_lo0046
3045	PD57335a_lo0047
3045	PD57335a_lo0048
3045	PD57335a_lo0049
3045	PD57335a_lo0050
3045	PD57335a_lo0051
3045	PD57335a_lo0052
3045	PD57335a_lo0053
3045	PD57335a_lo0054
3045	PD57335a_lo0055
3045	PD57335a_lo0056
3045	PD57335a_lo0057
3045	PD57335a_lo0058
3045	PD57335a_lo0059
3045	PD57335a_lo0060
3045	PD57335a_lo0061
3045	PD57335a_lo0062
3045	PD57335a_lo0063
3045	PD57335a_lo0064
3045	PD57335a_lo0065
3045	PD57335a_lo0066
3045	PD57335a_lo0067
3045	PD57335a_lo0068
3045	PD57335a_lo0069
3045	PD57335a_lo0070
3045	PD57335a_lo0071
3045	PD57335a_lo0072
3045	PD57335a_lo0073
3045	PD57335a_lo0074
3045	PD57335a_lo0075
3045	PD57335a_lo0076
3045	PD57335a_lo0077
3045	PD57335a_lo0078
3045	PD57335a_lo0079
3045	PD57335a_lo0080
3045	PD57335a_lo0081
3045	PD57335a_lo0082
3045	PD57335a_lo0083
3045	PD57335a_lo0084
3045	PD57335a_lo0085
3045	PD57335a_lo0086
3045	PD57335a_lo0087
3045	PD57335a_lo0088
3045	PD57335a_lo0089
3045	PD57335a_lo0090
3045	PD57335a_lo0091
3045	PD57335a_lo0092
3045	PD57335a_lo0093
3045	PD57335a_lo0094
3045	PD57335a_lo0095
3045	PD57335a_lo0096
3045	PD57335b
3045	PD57335c
3224	PD57335d_0001
3224	PD57335d_0002
3224	PD57335d_0003
3224	PD57335d_0004
3224	PD57335d_0005
3224	PD57335d_0006
3224	PD57335d_0007
3224	PD57335d_0008
3224	PD57335d_0009
3224	PD57335d_0010
3224	PD57335d_0011
3224	PD57335d_0012
3224	PD57335d_0013
3224	PD57335d_0014
3224	PD57335d_0015
3224	PD57335d_0016
3224	PD57335d_0017
3224	PD57335d_0018
3224	PD57335d_0019
3224	PD57335d_0020
3224	PD57335d_0021
3224	PD57335d_0022
3224	PD57335d_0023
3224	PD57335d_0024
3224	PD57335d_0025
3224	PD57335d_0026
3224	PD57335d_0027
3224	PD57335d_0028
3224	PD57335d_0029
3224	PD57335d_0030
3224	PD57335d_0031
3224	PD57335d_0032
3224	PD57335d_0033
3224	PD57335d_0034
3224	PD57335d_0035
3224	PD57335d_0036
3224	PD57335d_0037
3224	PD57335d_0038
3224	PD57335d_0039
3224	PD57335d_0040
3224	PD57335d_0041
3224	PD57335d_0042
3224	PD57335d_0043
3224	PD57335d_0044
3224	PD57335d_0045
3224	PD57335d_0046
3224	PD57335d_0047
3224	PD57335d_0048
3224	PD60243e
